{"TIME": [0.1, 0.2, 0.30000000000000004, 0.4], "Mean_Value_of_CAUCHY_STRESS_VECTOR": {"Segment_1": [[-3431.240128884159, 1556.041583374652, 1706.8524226788056], [-6862.470555226856, 3112.0888442609635, 3413.704136965732], [-10293.691279048078, 4668.141782661334, 5120.555142867392], [-13724.902300367592, 6224.200398578006, 6827.4054403903465]]}, "Mean_Value_of_GREEN_LAGRANGE_STRAIN_VECTOR": {"Segment_1": [[-7.071067258716165e-07, 5.000000616078587e-07, 1.000000114668505e-06], [-1.4142118411136485e-06, 1.0000012464318934e-06, 2.0000000444604116e-06], [-2.1213153457299933e-06, 1.5000035544739482e-06, 2.9999997893795568e-06], [-2.8284172397245476e-06, 2.000006985735857e-06, 3.999999349429715e-06]]}}