{"TIME": [0.1, 0.2, 0.30000000000000004, 0.4], "Mean_Value_of_CAUCHY_STRESS_VECTOR": {"Segment_1": [[-589.6231137192822, -3034.428082402264, 2413.8538721925047], [-1179.2390358116902, -6068.846759047304, 4827.704382855065], [-1768.8477662914243, -9103.256029963772, 7241.551532002149], [-2358.449305172705, -12137.655895180365, 9655.395319648022]]}, "Mean_Value_of_GREEN_LAGRANGE_STRAIN_VECTOR": {"Segment_1": [[7.444432400412494e-15, -7.071065377396137e-07, 1.4142131044460906e-06], [1.029777664685029e-12, -1.4142105885863901e-06, 2.8284232930386806e-06], [3.066997478746199e-12, -2.121312152548228e-06, 4.24263056578707e-06], [6.119101658303721e-12, -2.8284112296330532e-06, 5.6568349227005225e-06]]}}