{"TIME": [0.1, 0.2, 0.30000000000000004, 0.4], "Mean_Value_of_CAUCHY_STRESS_VECTOR": {"Segment_1": [[3848.166909646269, 589.6231764843981, -2413.853828641622], [7696.345331490966, 1179.2523557452769, -4827.711036061324], [11544.535265570685, 1768.8875377967781, -7241.571622273513], [15392.736711921776, 2358.528722653014, -9655.435587292575]]}, "Mean_Value_of_GREEN_LAGRANGE_STRAIN_VECTOR": {"Segment_1": [[7.071068518404955e-07, 1.114922328052048e-14, -1.4142137240087913e-06], [1.414215844989291e-06, 1.0445970279053319e-12, -2.8284297712888645e-06], [2.121326979453386e-06, 3.100345736911573e-12, -4.24264814184861e-06], [2.8284402552397547e-06, 6.17839767387185e-12, -5.656868835696325e-06]]}}