{"TIME": [0.1, 0.2, 0.30000000000000004, 0.4], "Mean_Value_of_CAUCHY_STRESS_VECTOR": {"Segment_1": [[-5442.130268926001, -833.8530591363048, -5.151365445321687e-12], [-10884.250232440558, -1667.7044449510745, -6.2232441422338525e-12], [-16326.359890572912, -2501.55415744935, -7.975925475633971e-12], [-21768.459243352667, -3335.402196636174, -8.249623206779688e-12]]}, "Mean_Value_of_GREEN_LAGRANGE_STRAIN_VECTOR": {"Segment_1": [[-9.999998732734763e-07, 1.124311175061318e-14, -9.854435281891499e-23], [-1.9999974930942947e-06, 4.497231639644365e-14, -2.211609539328302e-22], [-2.999992859469055e-06, 1.0118741787296461e-13, -3.708224836681081e-22], [-3.999985972404322e-06, 1.7988822022104695e-13, -3.3822639765469033e-22]]}}