{"TIME": [0.1, 0.2, 0.30000000000000004, 0.4], "Mean_Value_of_CAUCHY_STRESS_VECTOR": {"Segment_1": [[3258.544387016132, -2444.804849290348, 3.1804281430680703e-12], [6517.096108068791, -4889.604427157001, 2.7223778786833464e-12], [9775.655163168696, -7334.3987336074315, 2.9521940447807538e-12], [13034.221552326788, -9779.187768649148, 3.071987109137808e-12]]}, "Mean_Value_of_GREEN_LAGRANGE_STRAIN_VECTOR": {"Segment_1": [[7.071068280571975e-07, -7.071066306120214e-07, -2.0060422324118035e-22], [1.4142147498558654e-06, -1.4142119600758477e-06, -5.5581367284735e-22], [2.121323765398349e-06, -2.1213159883948744e-06, -7.029484243052198e-22], [2.828433874687068e-06, -2.8284187155725237e-06, -1.23916825639272e-21]]}}