{"TIME": [0.1, 0.2, 0.30000000000000004, 0.4], "Mean_Value_of_CAUCHY_STRESS_VECTOR": {"Segment_1": [[8.350910388954524e-05, 4.093352250683635e-05, -3413.7048467481754], [0.012886002485471337, 0.010414098887298995, -6827.409693496578], [0.038407480150327356, 0.031119496099743238, -10241.114540265591], [0.07664794210081372, 0.0621571251600076, -13654.819387075768]]}, "Mean_Value_of_GREEN_LAGRANGE_STRAIN_VECTOR": {"Segment_1": [[1.458171747718927e-14, 1.1055436363535372e-14, -1.9999999999982254e-06], [2.0583268711463158e-12, 2.0442217454341562e-12, -3.999999999990829e-06], [6.131235461105814e-12, 6.0994989270101565e-12, -5.999999999986528e-06], [1.223330748735465e-11, 1.2176886981508348e-11, -7.999999999994201e-06]]}}