{"TIME": [0.1, 0.2, 0.30000000000000004, 0.4], "Mean_Value_of_CAUCHY_STRESS_VECTOR": {"Segment_1": [[4265.092942297517, 2735.2877546300797, -1706.8523979818506], [8530.1936790851, 5470.580910827175, -3413.7088658854227], [12795.302210389438, 8205.879468609239, -5120.5694037243065], [17060.418536237798, 10941.18342799421, -6827.434011512196]]}, "Mean_Value_of_GREEN_LAGRANGE_STRAIN_VECTOR": {"Segment_1": [[7.071068600423972e-07, 5.000001930813493e-07, -1.0000003432567834e-06], [1.4142153777968068e-06, 1.0000017723259987e-06, -2.0000037872420327e-06], [2.1213255532686765e-06, 1.5000047377381663e-06, -3.000010331965887e-06], [2.8284373864634894e-06, 2.000009089322075e-06, -4.000019977438474e-06]]}}