{"TIME": [0.1, 0.2, 0.30000000000000004, 0.4], "Mean_Value_of_CAUCHY_STRESS_VECTOR": {"Segment_1": [[544.2129950558176, 83.38530622248017, 5.174263795204581e-13], [1088.426093165723, 166.77062917817503, 5.497893806882814e-13], [1632.639294329738, 250.15596886709045, 6.46833281381376e-13], [2176.852598547917, 333.54132528923265, 9.110212584317878e-13]]}, "Mean_Value_of_GREEN_LAGRANGE_STRAIN_VECTOR": {"Segment_1": [[1.0000000126726466e-07, 1.1243122648833668e-16, 2.0376592726220823e-24], [2.00000025069055e-07, 4.497250499340682e-16, 9.03193987202676e-24], [3.0000007140537973e-07, 1.0118816478353916e-15, 1.5819829215076654e-23], [4.0000014027624557e-07, 1.798901236144305e-15, 4.279367200254804e-23]]}}