{"TIME": [0.1, 0.2, 0.30000000000000004, 0.4], "Mean_Value_of_CAUCHY_STRESS_VECTOR": {"Segment_1": [[58.96231587032333, 303.4428076487106, 241.38538434962197], [117.92470365689599, 606.8857093549927, 482.770802314542], [176.88716335973072, 910.328705118873, 724.1562538947736], [235.84969497884427, 1213.7717949403784, 965.5417390903323]]}, "Mean_Value_of_GREEN_LAGRANGE_STRAIN_VECTOR": {"Segment_1": [[7.444430266364061e-17, 7.07106805531188e-08, 1.4142136081656953e-07], [1.0297777163742918e-14, 1.4142138597516682e-07, 2.828427507916573e-07], [3.067000080551671e-14, 2.121321162661513e-07, 4.2426416992527555e-07], [6.119111740113066e-14, 2.828428714260826e-07, 5.656856182174331e-07]]}}