{"TIME": [0.1, 0.2, 0.30000000000000004, 0.4], "Mean_Value_of_CAUCHY_STRESS_VECTOR": {"Segment_1": [[3431.24083438002, -1556.0414479721446, -1706.8524240693348], [6862.491371306367, -3112.0772184330995, -3413.705556530669], [10293.751610798967, -4668.107311385168, -5120.559397390625], [13725.021552877848, -6224.131726830783, -6827.413946655831]]}, "Mean_Value_of_GREEN_LAGRANGE_STRAIN_VECTOR": {"Segment_1": [[7.071068365013387e-07, -4.999999383918992e-07, -9.999998853308156e-07], [1.414215283632531e-06, -9.999987535680398e-07, -1.9999999555368053e-06], [2.121325341397474e-06, -1.4999964455302788e-06, -3.0000002106217537e-06], [2.8284370098000618e-06, -1.9999930142804617e-06, -4.000000650589521e-06]]}}