{"TIME": [0.1, 0.2, 0.30000000000000004, 0.4], "Mean_Value_of_CAUCHY_STRESS_VECTOR": {"Segment_1": [[-589.6231137192808, -3034.428082402263, -2413.8538721925015], [-1179.2390358116877, -6068.846759047294, -4827.704382855063], [-1768.8477662914336, -9103.25602996383, -7241.551532002202], [-2358.449305172708, -12137.655895180376, -9655.395319648016]]}, "Mean_Value_of_GREEN_LAGRANGE_STRAIN_VECTOR": {"Segment_1": [[7.44443136828496e-15, -7.071065377396125e-07, -1.4142131044460927e-06], [1.0297776624173134e-12, -1.4142105885863876e-06, -2.8284232930386887e-06], [3.0669974758134303e-12, -2.1213121525482336e-06, -4.2426305657870635e-06], [6.119101653937707e-12, -2.828411229633061e-06, -5.656834922700504e-06]]}}