{"TIME": [0.1, 0.2, 0.30000000000000004, 0.4], "Mean_Value_of_CAUCHY_STRESS_VECTOR": {"Segment_1": [[-4265.094144855012, -2735.2878951718894, 1706.8524487662785], [-8530.180495218958, -5470.570388776544, 3413.7008276106285], [-12795.259051118668, -8205.847480831844, 5120.545136546594], [-17060.329812581193, -10941.119171355882, 6827.385375587865]]}, "Mean_Value_of_GREEN_LAGRANGE_STRAIN_VECTOR": {"Segment_1": [[-7.071067023305192e-07, -4.999998069181701e-07, 9.999996567423617e-07], [-1.4142117469493026e-06, -9.999982276732938e-07, 1.9999962127572247e-06], [-2.1213151338617913e-06, -1.4999952622695606e-06, 2.9999896680547017e-06], [-2.82841686307348e-06, -1.9999909107112457e-06, 3.9999800226449686e-06]]}}