{"TIME": [0.1, 0.2, 0.30000000000000004, 0.4], "Mean_Value_of_CAUCHY_STRESS_VECTOR": {"Segment_1": [[3431.240834380015, -1556.0414479721435, 1706.8524240693312], [6862.4913713063725, -3112.0772184330926, 3413.705556530666], [10293.751610798983, -4668.107311385159, 5120.559397390639], [13725.021552877843, -6224.1317268307785, 6827.413946655872]]}, "Mean_Value_of_GREEN_LAGRANGE_STRAIN_VECTOR": {"Segment_1": [[7.071068365013392e-07, -4.999999383918987e-07, 9.999998853308143e-07], [1.414215283632531e-06, -9.999987535680379e-07, 1.9999999555367955e-06], [2.1213253413974777e-06, -1.4999964455302777e-06, 3.000000210621764e-06], [2.828437009800083e-06, -1.9999930142804655e-06, 4.000000650589528e-06]]}}