{"TIME": [0.1, 0.2, 0.30000000000000004, 0.4], "Mean_Value_of_CAUCHY_STRESS_VECTOR": {"Segment_1": [[-3848.167115562439, -589.6231327431522, -2413.853863568384], [-7696.322718929735, -1179.2402627093807, -4827.704348358696], [-11544.46681013831, -1768.8513899128097, -7241.55145438534], [-15392.599389224608, -2358.4565143675673, -9655.395181662763]]}, "Mean_Value_of_GREEN_LAGRANGE_STRAIN_VECTOR": {"Segment_1": [[-7.071067105324032e-07, 1.1149334890414834e-14, -1.4142134007360166e-06], [-1.4142112797569329e-06, 1.0445972050806837e-12, -2.828424478197789e-06], [-2.1213137076805607e-06, 3.100341287448892e-12, -4.242633232393638e-06], [-2.828413994310311e-06, 6.178379258381625e-12, -5.656839663331988e-06]]}}