{"TIME": [0.1, 0.2, 0.30000000000000004, 0.4], "Mean_Value_of_CAUCHY_STRESS_VECTOR": {"Segment_1": [[-833.8530636641585, -4291.329392262519, -4.2704728642206646e-13], [-1667.704463062471, -8582.650305242654, -1.6798784585603244e-12], [-2501.554198199955, -12873.962738965718, -1.9024781749976682e-12], [-3335.402269081626, -17165.266693457063, -4.878986104017713e-12]]}, "Mean_Value_of_GREEN_LAGRANGE_STRAIN_VECTOR": {"Segment_1": [[3.071300536974967e-16, -9.999995241620492e-07, -4.800749480104634e-22], [1.228507453396463e-15, -1.9999960966500742e-06, -9.410730431439227e-22], [2.7641129079493136e-15, -2.9999897174729264e-06, -1.152676183592644e-21], [4.913927392987135e-15, -3.999980386639319e-06, -2.084701938786768e-21]]}}