{"TIME": [0.1, 0.2, 0.30000000000000004, 0.4], "Mean_Value_of_CAUCHY_STRESS_VECTOR": {"Segment_1": [[-4437.790987389367, -3624.0513536400485, -3.9696579356984785e-12], [-8875.57733913757, -7248.097826100291, -5.8372195965716855e-12], [-13313.35905525475, -10872.139417391254, -6.753486658794827e-12], [-17751.136135750712, -14496.176127523255, -8.211209490127658e-12]]}, "Mean_Value_of_GREEN_LAGRANGE_STRAIN_VECTOR": {"Segment_1": [[-7.071067010236714e-07, -7.071064446801305e-07, -3.9612904053340227e-22], [-1.4142122417217464e-06, -1.4142112163483374e-06, -8.143076142701712e-22], [-2.121316622096636e-06, -2.1213143150081454e-06, -1.22908699267723e-21], [-2.828419842150683e-06, -2.828415740662981e-06, -1.3297445334672766e-21]]}}