{"TIME": [0.1, 0.2, 0.30000000000000004, 0.4], "Mean_Value_of_CAUCHY_STRESS_VECTOR": {"Segment_1": [[-3431.240128884156, 1556.0415833746451, -1706.8524226788118], [-6862.470555226858, 3112.0888442609526, -3413.7041369657186], [-10293.691279048071, 4668.141782661316, -5120.555142867397], [-13724.902300367577, 6224.200398578017, -6827.405440390377]]}, "Mean_Value_of_GREEN_LAGRANGE_STRAIN_VECTOR": {"Segment_1": [[-7.071067258716169e-07, 5.000000616078591e-07, -1.0000001146684995e-06], [-1.4142118411136473e-06, 1.0000012464318858e-06, -2.000000044460415e-06], [-2.1213153457300077e-06, 1.5000035544739361e-06, -2.9999997893795585e-06], [-2.8284172397245514e-06, 2.000006985735864e-06, -3.999999349429736e-06]]}}