{"TIME": [0.1, 0.2, 0.30000000000000004, 0.4], "Mean_Value_of_CAUCHY_STRESS_VECTOR": {"Segment_1": [[8.350907739484992e-07, 4.0933513184918113e-07, 341.370484674811], [0.00012886002477172087, 0.00010414098890933199, 682.7409693496202], [0.0003840748017009954, 0.0003111949615458784, 1024.1114540244507], [0.0007664794214509163, 0.0006215712525224765, 1365.481938699318]]}, "Mean_Value_of_GREEN_LAGRANGE_STRAIN_VECTOR": {"Segment_1": [[1.4581726055181468e-16, 1.105543665727577e-16, 1.9999999999999806e-07], [2.0583268881117384e-14, 2.0442217424867695e-14, 3.999999999999906e-07], [6.131235485643636e-14, 6.09949892831855e-14, 5.999999999999854e-07], [1.223330751970165e-13, 1.217688698305634e-13, 7.999999999999915e-07]]}}