{"TIME": [0.1, 0.2, 0.30000000000000004, 0.4], "Mean_Value_of_CAUCHY_STRESS_VECTOR": {"Segment_1": [[589.6231955082483, 3034.4280716474877, -2413.8538200175226], [1179.2535826397655, 6068.86554905181, -4827.711001564937], [1768.8911614087444, 9103.312432241524, -7241.571544656562], [2358.535931829419, 12137.768721245426, -9655.435449306837]]}, "Mean_Value_of_GREEN_LAGRANGE_STRAIN_VECTOR": {"Segment_1": [[7.444418423683855e-15, 7.071070246325009e-07, -1.4142140202981827e-06], [1.029777738772262e-12, 1.4142165361579608e-06, -2.828430956447106e-06], [3.0670021782475315e-12, 2.1213285345842794e-06, -4.242650808456036e-06], [6.119119954595316e-12, 2.8284430199193884e-06, -5.656873576334243e-06]]}}