{"TIME": [0.1, 0.2, 0.30000000000000004, 0.4], "Mean_Value_of_CAUCHY_STRESS_VECTOR": {"Segment_1": [[83.38530617720149, 429.13293354054343, 4.261174746389429e-14], [166.77062899706067, 858.2659518739058, 1.6874002195521598e-13], [250.15596845958405, 1287.3990550001108, 2.21170304293139e-13], [333.5413245647753, 1716.5322429191906, 3.78391762367869e-13]]}, "Mean_Value_of_GREEN_LAGRANGE_STRAIN_VECTOR": {"Segment_1": [[3.0713300243482172e-18, 1.0000000475837446e-07, 4.34819121215863e-23], [1.2285329205265336e-17, 2.0000003903349886e-07, 1.0686785773272983e-22], [2.7642021871070213e-17, 3.000001028253809e-07, 1.3174789959467637e-22], [4.9141425932969607e-17, 4.00000196134029e-07, 2.011858346093817e-22]]}}