{"TIME": [0.1, 0.2, 0.30000000000000004, 0.4], "Mean_Value_of_CAUCHY_STRESS_VECTOR": {"Segment_1": [[443.77900852001767, 362.4051219438506, 3.5677016896329405e-13], [887.5580633964366, 724.8102926994987, 4.939659792313478e-13], [1331.3371646292665, 1087.215512266952, 6.349781811465505e-13], [1775.116312218514, 1449.6207806462264, 8.283373986728293e-13]]}, "Mean_Value_of_GREEN_LAGRANGE_STRAIN_VECTOR": {"Segment_1": [[7.071067892028278e-08, 7.071068148371653e-08, 3.284973319343889e-23], [1.414213694438221e-07, 1.414213796975568e-07, 5.588962130988172e-23], [2.1213207157061902e-07, 2.1213209464152344e-07, 1.1239316573064264e-22], [2.828427853006785e-07, 2.8284282631562305e-07, 1.197925548038709e-22]]}}