{"TIME": [0.1, 0.2, 0.30000000000000004, 0.4], "Mean_Value_of_CAUCHY_STRESS_VECTOR": {"Segment_1": [[-4265.094144855009, -2735.2878951718835, -1706.8524487662874], [-8530.180495218989, -5470.570388776542, -3413.7008276106353], [-12795.259051118725, -8205.847480831799, -5120.545136546578], [-17060.32981258116, -10941.11917135588, -6827.385375587883]]}, "Mean_Value_of_GREEN_LAGRANGE_STRAIN_VECTOR": {"Segment_1": [[-7.071067023305193e-07, -4.99999806918169e-07, -9.999996567423613e-07], [-1.414211746949306e-06, -9.99998227673293e-07, -1.9999962127572226e-06], [-2.1213151338617883e-06, -1.49999526226957e-06, -2.9999896680547068e-06], [-2.82841686307348e-06, -1.9999909107112423e-06, -3.999980022644967e-06]]}}