{"TIME": [0.1, 0.2, 0.30000000000000004, 0.4], "Mean_Value_of_CAUCHY_STRESS_VECTOR": {"Segment_1": [[-3848.1671155624567, -589.6231327431542, 2413.85386356838], [-7696.32271892972, -1179.2402627093816, 4827.704348358707], [-11544.466810138287, -1768.8513899128018, 7241.551454385318], [-15392.599389224655, -2358.45651436757, 9655.395181662781]]}, "Mean_Value_of_GREEN_LAGRANGE_STRAIN_VECTOR": {"Segment_1": [[-7.071067105323991e-07, 1.1149334957334068e-14, 1.4142134007360192e-06], [-1.4142112797569318e-06, 1.0445972051318332e-12, 2.8284244781977855e-06], [-2.1213137076805704e-06, 3.1003412873959704e-12, 4.242633232393645e-06], [-2.828413994310311e-06, 6.1783792586203995e-12, 5.656839663331997e-06]]}}