{"TIME": [0.1, 0.2, 0.30000000000000004, 0.4], "Mean_Value_of_CAUCHY_STRESS_VECTOR": {"Segment_1": [[-3258.543328964093, 2444.804995531905, -3.714695218093311e-12], [-6517.079323894588, 4889.615262488026, -2.350286631980225e-12], [-9775.607984802158, 7334.43080087579, -2.9004576518332215e-12], [-13034.129311697756, 9779.251610702724, -2.7213786779611837e-12]]}, "Mean_Value_of_GREEN_LAGRANGE_STRAIN_VECTOR": {"Segment_1": [[-7.071067343158055e-07, 7.071069317608465e-07, 2.2200752159098994e-22], [-1.4142123748902942e-06, 1.4142151646711511e-06, 5.316444893243163e-22], [-2.1213169217258227e-06, 2.1213246987342932e-06, 9.283292918317776e-22], [-2.8284203748247665e-06, 2.8284355339536883e-06, 1.0760585793549199e-21]]}}