{"TIME": [0.1, 0.2, 0.30000000000000004, 0.4], "Mean_Value_of_CAUCHY_STRESS_VECTOR": {"Segment_1": [[426.50934834476647, 273.5287817873815, 170.68524208348344], [853.0187746344404, 547.0576175904326, 341.3705248661847], [1279.5282788690347, 820.5865074091748, 512.0558483481165], [1706.0378610485993, 1094.1154512436296, 682.7412125292926]]}, "Mean_Value_of_GREEN_LAGRANGE_STRAIN_VECTOR": {"Segment_1": [[7.071067890721424e-08, 5.000000193081551e-08, 1.0000000343257151e-07], [1.4142137439154658e-07, 1.0000001772326315e-07, 2.00000037872424e-07], [2.1213208645300392e-07, 1.5000004737734643e-07, 3.000001033195654e-07], [2.828428150915921e-07, 2.0000009089307117e-07, 4.000001997740106e-07]]}}