{"TIME": [0.1, 0.2, 0.30000000000000004, 0.4], "Mean_Value_of_CAUCHY_STRESS_VECTOR": {"Segment_1": [[384.8167002307713, 58.96231568008501, 241.3853844358626], [769.6335155835143, 117.92469138793678, 482.7708026595055], [1154.4504460582582, 176.8871271235673, 724.1562546709437], [1539.2674916550484, 235.84962288699717, 965.5417404701931]]}, "Mean_Value_of_GREEN_LAGRANGE_STRAIN_VECTOR": {"Segment_1": [[7.071067882519517e-08, 1.1149273204029729e-16, 1.41421357853673e-07], [1.414213790634708e-07, 1.0445971074156303e-14, 2.828427389400716e-07], [2.1213210071483443e-07, 3.100343735549637e-14, 4.2426414325920294e-07], [2.828428437792953e-07, 6.178389386869415e-14, 5.656855708110748e-07]]}}